paper_number,forum_id,spotlight,best_paper,title,abstract,authors,Decision
1,KmO1G38q18,FALSE,FALSE,"Where Reasoning Does Not Matter: Isolating Chain-of-Thought in a Modular, Agentic VLM Manipulation Pipeline","End-to-end Vision–Language–Action (VLA) models
 fold two very different capabilities into one set of weights: seman-
 tic reasoning (which object, in what order, gripped how, placed
 where) and physical control (closed-loop tracking under contact).
 When such a model fails, no single component can be blamed
 or repaired. We instead keep a frozen multimodal VLM as an
 explicit, external reasoner that drives a modular pipeline whose
 perception, grasping, and planning stages are off-the-shelf. This
 pipeline, Reason–Predict–Plan (RPP), runs a per-step agentic
 tool loop, validates each candidate 6-DOF grasp by overlay
 inspection across a wrist and a fixed front camera, grounds
 6-DOF placement poses in depth, and routes Accept (Poster)ed poses
 to a GPU motion planner with voxel-based collision avoidance.
 Because the VLM is the only reasoning component, its chain-
 of-thought becomes a single controllable variable: we vary the
 model’s native reasoning budget (full vs. minimal) while holding
 every other stage fixed. We run the sweep on four Isaac Lab
 manipulation tasks at n=30 per task per condition, scoring every
 episode by ground truth. Reasoning matters in one place. On
 the task with a genuine scene-understanding decision—placing
 into a partially observed shelf—chain-of-thought is decisive (57%
 vs. 0% success); on the three tasks whose action sequence is
 forced once the target is named, it has no measurable effect. A
 vivid “reasoning hurts” result at a pilot n=10 dissolved under
 ground-truth scoring at n=30, which is why we report both.
 Where manipulation requires understanding the scene before
 acting, semantic reasoning is load-bearing; once the task reduces
 to execution the same deliberation is inert, and a modular design
 is what lets us measure which regime holds.","Basu Hela, Ravi Prakash",Accept
2,dz5GIy1tN9,FALSE,FALSE,DAM-VLA: Decoupled Asynchronous Multimodal Vision Language Action model,"Vision-language-action (VLA) models inherit a shared synchronous clock from vision-language pretraining, processing every input at one rate. This is misaligned with physical interaction, where a high-frequency modality changes at hundreds of hertz, vision evolves more slowly, and language stays constant across an episode. A synchronous VLA oversamples slow modalities, undersamples fast ones, and caps action generation at the lowest effective frequency. We hypothesize that decoupling temporal processing per modality, letting each update and retain information at its own sensor rate, yields stronger representations and more robust control. We present \gls{davla}, which maintains per-modality latent buffers refreshed at sensor rates and read continuously by the action head, integrating new high-frequency modalities through gated cross-attention that leaves the pretrained backbone intact. Across seven contact-rich real-world manipulation tasks, \gls{davla} more than doubles the average success rate of the strongest synchronous baseline (95.2\% vs.\ 40.95\%) while sustaining smooth, reactive 100\,Hz control.","Pankhuri Vanjani, Zhuoyue Li, Jakub Suliga, Moritz Reuss, Gianluca Geraci, Xinkai Jiang, Rudolf Lioutikov",Accept
3,HlaQHy7hWX,FALSE,FALSE,Auditing Demonstration Curation Metrics: Action-Only Scorers Fail on the Structural Defects That Degrade Imitation Policies,"Imitation-learning policies inherit the quality of the demonstrations they are trained on, and a growing set of curation metrics promise to score and filter low-quality demonstrations automatically. These metrics are each validated on different data with different protocols, so it is unclear which of them actually identify the demonstrations that harm a policy. We build a controlled testbed in which demonstration defects are injected with known type, and audit seven curation metrics along two axes: how well each separates defective from clean demonstrations, and whether training a behavior-cloning policy on each metric's curated subset improves task success. We study two defect regimes that differ in their semantic structure. Subtle perturbations (correlated action noise, tremor, truncation) are statistical wobble layered on otherwise correct behavior; they are detectable by multivariate outlier scoring and, once removed, recover the full downstream gap. Structural errors, where the demonstration executes a wrong action at a semantically decisive moment, are invisible to every action-only metric we test, and two of them are inverted: they score defective demonstrations as higher quality and, used for curation, tend to leave the policy at or below the uncurated baseline rather than above it. Only metrics that examine the state trajectory, and so encode something about what the demonstration was trying to do, detect structural errors, and even the best of them recovers just a third of the downstream gap. High detection accuracy does not guarantee downstream improvement. We release the testbed and all curation implementations.",Aarav Bedi,Accept
4,KuvTzv4UTM,FALSE,FALSE,Robot Skill Puzzles: Decentralized Skill Priors for Humanoid–Environment Interaction,"Behavior foundation models are becoming a practical substrate for generalist robot control, yet they still face a misaligned scaling target: a single resident policy is expected to internalize the geometry, articulation, force limits, affordance frames, and safe modes of use for a growing long tail of objects. We propose Robot Skill Puzzles (RSPs), a decentralized alternative in which an object exposes a signed, typed action artifact containing articulated assets, reference kinematics, advisory constraints, and optionally a compact object-specific controller. The robot verifies this artifact, maps its task-space interface to its own morphology, and executes it only through a robot-owned safety envelope. This keeps actuator authority on the robot while moving object-local interaction priors to the source best positioned to specify and maintain them. We formalize RSPs as object-resident contracts, state validity and safety conditions, and give a capacity argument separating resident controller footprint from object-catalog size. In a synthetic scaling study over 1000 action skills, a fixed-capacity centralized controller reaches 0.54 normalized error at matched resident footprint, whereas a decentralized backbone-plus-action-head scheme remains near 0.14. In a physics-based InterMimic study, warm-starting object controllers from a shared prior improves whole-body tracking on five held-out objects under the same short fine-tuning budget. We adapt the framework to behavior foundation models by treating RSPs as verified object-local priors for planning, semantic grounding, whole-body execution, and long-horizon recovery.","Zhiyang Dou, Jintao Lu, Boyang Yu, Zeyu Cao, Cheng Lin, Yuan Liu, Taku Komura",Accept
7,fWN2jSqJkW,FALSE,FALSE,Focus on the Moment: Real-Time Semantic Failure Detection in Vision-Language-Action Models,"Vision-language-action (VLA) policies are prone to semantic failures, wherein the motion remains plausible while the policy manipulates on the wrong target. Such failures are recoverable if they are detected during execution. However, existing detectors require complete trajectories and provide only post hoc assessments, determining whether a failure occurred but not when, which is too late for recovery. To focus on the moment, we propose FailMoment, which detects failure at each frame by utilizing only the recent past. This enables trajectory-level, frame-level, and real-time predictions within a single model under an inference latency budget. As training FailMoment requires labels in frame-level, we introduce SemGen, a pipeline that converts successful demonstrations into semantic failures and pinpoints the failure frame from the gripper signal, producing 645,029 labeled frames from 3,148 trajectories across 80 RLBench and LIBERO tasks. FailMoment remains comparable with dedicated whole-trajectory detectors. Specifically, on wrong-position failures in the seen-task split, it achieves a trajectory-level AUROC of 0.945, compared with 0.865 for the strongest baseline. It substantially outperforms baselines in frame-level detection, reaching 0.993 AUROC, while the best baseline reaches only 0.559, and fires on time in 71% of failures, whereas no baseline reaches 8%. Furthermore, we verify that our method is transferable to the real world with the RT-1 dataset.","Seul Kim, HEE BIN YOO, Byoung-Tak Zhang",Accept
8,Y6jslFtt7d,TRUE,FALSE,Disentangling Spurious Correlations in Vision-Language-Action Models via Predicting Domain-Invariant Latent Lookahead,"Vision-Language-Action (VLA) models remain brittle under visual distribution shifts, often relying on spurious correlations tied to domain-specific factors rather than task-relevant structure. We propose \emph{Domain-Invariant Latent Lookahead} (DILL), a representation-learning framework that mitigates shortcut learning in VLA policies. Our key idea is to supervise policies with domain-invariant future latents learned from domain-transformed trajectory data. A Task-Domain Encoder is trained with contrastive objectives and Gaussian disentanglement regularization to separate task-relevant structure from domain-specific visual variation. The learned encoder then provides future latents for VLA policy learning through lookahead prediction and domain disentanglement, encouraging the policy to focus on task-relevant structure rather than incidental visual factors. 
 Under counterfactual task--view compositions, DILL reduces shortcut degree while improving OOD success. On LIBERO-Plus visual perturbations, DILL achieves the highest average success rate of 69.1\%, outperforming the strongest matched-input baseline by 11.4 absolute points, while limiting the average performance drop to 12.5 points.
 Latent-space diagnostics further show that DILL better preserves task-consistent structure while suppressing domain-specific variation.","Junghyun Kim, Ngseo Kim, Chungwoo Lee, Seoyeon Lee, Woo-Jeong Baek, Adam Zhou, Chip Huyen, Jun Ki Lee, Gi-Cheon Kang, Byoung-Tak Zhang",Accept
9,sB3gmcWtmt,FALSE,FALSE,Offline Policy Evaluation for Manipulation Policies via Discounted Liveness Formulation,"Policy evaluation is a fundamental component of the development and deployment pipeline for robotic policies. In modern manipulation systems, this problem is particularly challenging: rewards are often sparse, task progression of evaluation rollouts are often non-monotonic as the policies exhibit recovery behaviors, and evaluation rollouts are necessarily of finite length. This finite length introduces truncation bias, breaking the infinite-horizon assumptions underlying standard methods relying on Bellman equations/principle of optimality. In this work, we propose a framework for offline policy evaluation from sparse rewards based on a liveness-based Bellman operator. Our formulation interprets policy evaluation as a task-completion problem and yields a conservative fixed-point value function that is robust to finite-horizon truncation. We analyze the theoretical properties of the proposed operator, including contraction guarantees, and show how it encodes task progression while mitigating truncation bias. We evaluate our method on two simulated manipulation tasks using both a Vision–Language–Action model and a diffusion policy. Empirical results demonstrate that our approach more accurately reflects task progress and substantially reduces truncation bias, outperforming classical baselines such as TD(0) and Monte Carlo policy evaluation.","Hao Wang, Joshua Bowden, Colton Crosby, Somil Bansal",Accept
10,65L5BuXXFU,FALSE,FALSE,DIRECT: When and Where Should You Allocate Test-Time Compute in Embodied Planners?,"Vision-Language Models (VLMs) are increasingly deployed as high-level planners for embodied agents, with an emerging strategy of scaling test-time compute to improve capability. However, we observe that doing so increases latency, token usage, and FLOPs while yielding uneven, often diminishing gains in downstream success, limiting where embodied agents can be deployed. We argue that choosing when and where to spend test-time compute is central to bringing frontier performance to the real world. We introduce DIRECT, a routing framework that uses multimodal scene context to allocate compute per prompt, improving the success--cost Pareto frontier over fixed model selection. Across three dominant scaling axes, namely chain-of-thought depth, model size, and memory history, our experiments on VLABench and RoboMME show that test-time compute is not a uniform lever: different axes yield qualitatively distinct capability gains. We validate these insights on a physical Franka arm in a DROID setup spanning zero-shot manipulation and long-horizon chaining, where our router matches or exceeds a stronger model's success rate at up to 65% lower average latency. Ultimately, our results show that naively scaling test-time compute is wasteful, and that DIRECT can provide frontier-level embodied planning in robotic systems at a fraction of the cost. Project page can be found at https://anonymous.4open.science/w/direct-rss/ .","Jadelynn Dao, Milan Ganai, Yasmina Abukhadra, Ajay Sridhar, Mozhgan Nasr Azadani, Katie Z Luo, Clark Barrett, Jiajun Wu, Chelsea Finn, Marco Pavone",Accept
11,lZLHs6P90d,TRUE,TRUE,Improving Robotic Generalist Policies via Flow Reversal Steering,"Generalist policies can learn a wide range of skills from diverse robot datasets. In order to solve or improve on challenging new tasks, we need a way to infer and invoke the appropriate actions from the policy's rich behavioral prior, especially when directly commanding the policy fails. We focus on flow matching generalists and propose Flow Reversal Steering (FRS): a method that takes suboptimal but ""reasonable"" actions, finds their latent noises by passing them through the flow policy in reverse, and maps them to nearby generalist action modes. We evaluate FRS across many simulated and real-world manipulation settings. First, FRS can turn coarse semantic guidance from humans or vision-language models (VLMs) into corresponding good robot actions, improving zero-shot control. These gains can be distilled with behavioral cloning by training an auxiliary policy to output noises that the generalist maps to good actions -- showing up to 95% absolute task success rate boosts in under a minute of training. Finally, FRS enables policy improvement by bootstrapping reinforcement learning with semantic knowledge, improving on several tasks that standard RL fails to improve on.","Andy Tang, William Chen, Andrew Wagenmaker, Chelsea Finn, Sergey Levine",Accept
12,0bVYVBxkiB,FALSE,FALSE,PRTS: A Primitive Reasoning and Tasking System via Contrastive Representations,"Vision-Language-Action (VLA) models advance robotic control via strong visual-linguistic priors. However, existing VLAs predominantly frame pretraining as supervised behavior cloning, overlooking the fundamental nature of robot learning as a goal-reaching process that requires understanding temporal task progress. We present \textbf{PRTS} (\textbf{P}rimitive \textbf{R}easoning and \textbf{T}asking \textbf{S}ystem), a VLA foundation model that reformulates pretraining through Goal-Conditioned Reinforcement Learning. By treating language instructions as goals and employing contrastive reinforcement learning, PRTS learns a unified embedding space where the inner product of state-action and goal embeddings approximates the log-discounted goal occupancy, the probability of reaching the language-specified goal from the current state-action, quantitatively assessing physical feasibility beyond static semantic matching. PRTS draws this dense goal-reachability supervision directly from offline trajectories without reward annotations, and folds it into the VLM backbone via a role-aware causal mask, incurring negligible overhead over vanilla behavior cloning. This paradigm endows the high-level reasoning system with intrinsic goal reachability awareness, bridging semantic reasoning and temporal task progress, and further benefits goal-conditioned action prediction. Pretrained on 167B tokens of diverse manipulation and embodied-reasoning data, PRTS reaches state-of-the-art performance on LIBERO, LIBERO-Pro, LIBERO-Plus, SimplerEnv, and a real-world suite of 14 complex tasks, with particularly substantial gains on long-horizon, contact-rich, and zero-shot novel-instruction settings, confirming that injecting goal-reachability awareness significantly improves both execution success and long-horizon planning of general-purpose robotic foundation policies.","Yang Zhang, Jiangyuan Zhao, Chenyou Fan, Fangzheng YAN, Tian Li, Haitong Tang, Xuaner Wu, Qizhen Weng, Weinan Zhang, Xiu Li, Chi Zhang, Chenjia Bai, Xuelong Li",Accept
13,HsyRc5cXqJ,FALSE,FALSE,SIR: Structured Image Representations for Explainable Robot Learning,"Existing robot policies based on learned visual
 embeddings lack explicit structure and are sensitive to visual
 distractions. Thus, the representations that drive their behaviour
 are often opaque, making their decision-making process difficult
 to interpret. To address this, we introduce Structured Image
 Representations (SIR), a method that leverages Scene Graphs
 (SGs) as an intermediate representation for robot policy learning.
 Our approach first constructs a fully connected graph, using
 image-derived features as initial node representations. Then,
 a module learns to sparsify this graph end-to-end, creating a
 task-relevant sub-graph that is passed to the action generation
 model. This process makes our model intrinsically explainable.
 Evaluations on RoboCasa show that our sparse graph policies
 outperform image-based baselines on average with 19.5% vs
 14.81% success rate. Most importantly, we show that the learned
 sparse graphs are a powerful tool for model analysis. By
 analysing when the model’s sub-graph deviates from human
 expectation, such as by including distractor nodes or omitting
 key objects, we successfully uncover dataset biases, including
 spurious correlations and positional biases.","Paul Mattes, Jan Schwab, Jens Oliver Bosch, Nils Blank, Maximilian Xiling Li, Rudolf Lioutikov",Accept
14,BFzZDKs6R0,FALSE,FALSE,ActivePose: Geometry-Grounded Metacognitive Active Perception for Robotic Manipulation,"Robust robot manipulation requires more than estimating a task state: a robot must also recognize when its observation is insufficient and take action to obtain a more informative one. We present \textit{ActivePose}, a geometry-grounded, confidence-aware active perception framework for 6-DoF object pose estimation and tracking. For pose initialization, a vision--language model (VLM) is grounded with entropy-ranked CAD renderings that encode which viewpoints are geometrically ambiguous. At test time, the system assesses whether the current observation supports a reliable pose estimate; when confidence is low, it imagines IK-feasible candidate views, fuses VLM ambiguity with pose-hypothesis entropy, and executes a next-best-view action. During manipulation, a demonstration-trained diffusion policy generates receding-horizon camera trajectories that preserve visibility and recover from motion and occlusion. Experiments in simulation and on real dual-arm hardware show that this combination of semantic ambiguity assessment, geometric uncertainty, and active sensing substantially improves pose reliability and downstream peg-in-hole assembly. The results position active perception as a practical form of metacognitive robot behavior: the robot estimates not only the task state, but also whether its current evidence is adequate for acting.",Sheng Liu,Accept
15,ylcR5AQyVL,FALSE,FALSE,A Contrastive Objective for Action-Grounded Object-Centric World Models,"Object-centric world models promise structured, entity-level prediction, but do they actually use the actions they are given? We study this in a robotic manipulation setting with a temporal object-centric world model built on the Joint-Embedding Predictive Architecture (JEPA), operating over slots from a frozen VideoSAUR encoder. We uncover a consistent failure mode: standard objectives (Hungarian MSE, future action conditioning, and inverse dynamics) all learn to ignore actions, predicting nearly the same future whether given the true actions or none at all. We quantify this with the GT$-$Zero gap, the change in prediction accuracy between ground-truth and zeroed actions, which stays near zero for every standard objective throughout training. Our fix is a contrastive action loss that forces futures under different action sequences to diverge, trained with a higher learning rate on the action encoder. It is the only variant to develop real action sensitivity, reaching a +0.299 GT$-$Zero gap at rollout horizon $k=10$, and this grounding does not cost prediction quality: the same model is the single best performer on a semantic VQA benchmark derived from LIBERO-100, beating every baseline at every horizon and by the widest margin in the hardest setting (50\% predicted). The decisive factor is pressure from the training objective, not architectural access to action information.","Thomas Deng, Zubin Carvalho",Accept
16,gKjYK3BQId,FALSE,FALSE,Motion-aware Event Suppression for Event Cameras,"Event cameras report asynchronously per-pixel
 brightness changes with microsecond latency, encoding dynamic
 visual information as a sparse stream of events. However, their
 extreme temporal resolution floods perception systems with
 entangled events from ego-motion and independently moving
 objects (IMOs), which existing solutions fail to efficiently decouple, relying instead on prohibitive dense 3D reconstructions
 or limited hand-tuned filters. In this work, we introduce the first
 framework for Motion-aware Event Suppression, which learns to
 filter events triggered by IMOs and ego-motion in real time. Our
 model jointly segments IMOs in the current event stream while
 predicting their future motion, enabling anticipatory suppression
 of dynamic events before they occur. Our lightweight architecture
 achieves 173 Hz inference on consumer-grade GPUs with less
 than 1 GB of memory usage, outperforming previous state-of-theart methods on the challenging EVIMO benchmark by 67% in
 segmentation accuracy while operating at a 53% higher inference
 rate. Moreover, we demonstrate significant benefits for downstream applications: our method accelerates Vision Transformer
 inference by 83% via token pruning and improves event-based
 visual odometry accuracy, reducing Absolute Trajectory Error
 (ATE) by 13%.","Roberto Pellerito, Nico Messikommer, Giovanni Cioffi, Marco Cannici, Davide Scaramuzza",Accept
17,UU7DEIFBEb,TRUE,FALSE,"Recover, Discover, Plan: Learning Skills and Concepts from Robot Failures","Intelligent robots should not only recover from failures, but also acquire the abstract knowledge needed to avoid them in the future.
 While reinforcement learning (RL) can learn reactive recovery behaviors, training a separate policy for every distinct failure mode is highly inefficient.
 We introduce Recovery-Driven Synthesis of Relational Concepts (ReSYNC), the first approach that progressively discovers and refines state abstractions (relational predicates) from failure-recovery experience to support abstract planning.
 Unlike purely reactive methods, ReSYNC jointly learns skills and concepts through an incremental dual-learning process.
 In the skill-learning phase, the robot uses RL to learn to recover from failures seen in training tasks.
 In the concept-learning phase, the robot discovers new relational predicates and refines its abstract planning model to explain and generalize the learned recovery behaviors.
 This interaction enables ReSYNC to convert local recoveries seen during training into global failure avoidance at test time.
 Across four simulated domains, we show that ReSYNC's ability to continually expand and refine its abstraction library allows it to solve long-horizon, previously unseen problems, outperforming strong baselines by over 50%. 
 Additionally, we demonstrate sim-to-real transfer of ReSYNC, where it performs real-world non-prehensile manipulation skills and generalizes to unseen scenarios through abstract planning.
 Overall, ReSYNC represents a significant step toward robots that autonomously acquire abstractions for scalable, failure-aware planning in the physical world.","Bowen Li, Mayank Mishra, Y. Isabel Liu, Stone Tao, Nishanth Kumar, Alexander G. Gray, Ruwan Wickramarachchi, Jonathan Francis, Sebastian Scherer, Tom Silver",Accept
18,Nj3vNoY6U6,FALSE,FALSE,Adapting Generalist Robot Policies with Semantic Reinforcement Learning,"Generalist robot policies learn a diverse repertoire of behaviors from large-scale pretraining. In principle, this makes them excellent priors for downstream adaptation via reinforcement learning (RL). In practice, however, standard RL methods leveraging this prior optimize directly over robot actions, requiring the base policy's action distribution to be close to that of a performant policy from the start. This assumption breaks down for complex or long-horizon tasks, where policy inputs fall completely outside the pretraining distribution. Our key insight is that, for sufficiently expressive generalist policies, language prompts are an effective space for learning to solve such tasks: modulating language inputs elicits skills already within the policy's repertoire which can be composed to solve tasks beyond its zero-shot capabilities. We propose Semantic Action Reinforcement Learning (SARL), which learns to optimize this prompt space through online interaction, treating the generalist policy as a controllable skill prior. Importantly, leveraging pretrained skills rather than learning new ones from scratch yields structured, semantically meaningful exploration and highly efficient online improvement. In addition, learning to modulate prompts through experience grounds them in induced real-world behaviors for robust task-solving. Across real-world settings and simulated benchmarks, SARL unlocks fundamentally new capabilities — generalizing to complex, long-horizon tasks — and significantly outperforms existing approaches for improving robot behavior in deployment.","Jagdeep Singh Bhatia, Andrew Wagenmaker, William Chen, Sergey Levine",Accept
19,Ug358TTf6A,FALSE,FALSE,InSight: Self-Guided Skill Acquisition via Steerable VLAs,"Vision-language-action (VLA) models can learn manipulation skills from demonstrations, but their capabilities are bounded by the skills in the training data. We present InSight, a framework that unlocks autonomous skill acquisition by rendering VLAs steerable at the primitive-action level (e.g., “move gripper to the bowl”, “lift upward”, “pour the bottle”). InSight consists of two primary stages: (1) an automated segmentation pipeline that partitions demonstrations into labeled primitives via VLM plan decomposition and end-effector poses to enable VLA primitive steerability, and (2) a VLM-guided data flywheel that identifies missing primitives required to accomplish a novel task, autonomously attempts demonstrations of the missing primitives with VLM-guided low-level control, and automatically labels, stores, and integrates successful demonstrations into the VLA training set. We evaluate InSight across simulation and real-world manipulation tasks, including block flipping, drawer closing, sweeping, twisting, and pouring, without any human demonstrations of these target skills. Our results suggest that primitive steerability is a practical foundation for continual skill acquisition in VLA policies.","Maggie Wang, Lars Osterberg, Stephen Tian, Olao Shorinwa, Jiajun Wu, Mac Schwager",Accept
20,WAIkZveq37,FALSE,FALSE,Learning Agile Quadrotor Flight in the Real World,"Learning-based controllers have achieved impressive performance in agile quadrotor flight but typically rely on massive training in simulation, necessitating accurate system identification for effective Sim2Real transfer. However, even with precise modeling, fixed policies remain susceptible to out-of-distribution scenarios, ranging from external aerodynamic disturbances to internal hardware degradation. To ensure safety under these evolving uncertainties, such controllers are forced to operate with conservative safety margins, inherently constraining their agility outside of controlled settings. While online adaptation offers a potential remedy, safely exploring physical limits remains a critical bottleneck due to data scarcity and safety risks. To bridge this gap, we propose a self-adaptive framework that eliminates the need for precise system identification or offline Sim2Real transfer. We introduce Adaptive Temporal Scaling
 (ATS) to actively explore platform physical limits, and employ online residual learning to augment a simple nominal model.
 Based on the learned hybrid model, we further propose Real-world Anchored Short-horizon Backpropagation Through Time
 (RASH-BPTT) to achieve efficient and robust in-flight policy updates. Extensive experiments demonstrate that our quadrotor
 reliably executes agile maneuvers near actuator saturation limits. The system evolves a conservative base policy with a peak speed
 of 1.9 m/s to 7.3 m/s within approximately 100 seconds of flight time. These findings underscore that real-world adaptation serves not merely to compensate for modeling errors, but as a practical mechanism for sustained performance improvement in aggressive flight regimes.","Yunfan Ren, Zhiyuan Zhu, Jiaxu Xing, Davide Scaramuzza",Accept
21,Cng1xJELhZ,FALSE,FALSE,Native Memory Compression for Long-Horizon Robotic Manipulation,"How can pretrained Vision-Language-Action (VLA) models retain long-horizon visual histories with high-frequency updates without sacrificing efficiency? Existing approaches rely on external memory management, which restrains either the memory horizon or the reactiveness of pretrained policies. To this end, we present NativeMEM, a VLA policy that features long-term and real-time updated memory. At its core is an efficient memory encoding scheme, Native Memory Compression, which repurposes the VLA's own vision encoder to compress each historical frame from each camera view into a single token. Appended to the input sequence, these memory tokens enable the pretrained VLA to attend over long-term history with negligible latency overhead, requiring neither an external planner nor a freshly initialized memory module. To align the memory tokens with the pretrained policy, we first develop a generic memory tokenizer under the supervision of a frozen VLA on memory-demanding data, and then unfreeze the VLA for task-specific fine-tuning. NativeMEM consistently outperforms prior methods, boosting success rates from 32.4% to 84.0% in simulation and up to 98.7% on real robots, while maintaining low inference latency and GPU memory usage. Notably, NativeMEM exhibits high data efficiency by achieving competitive results with prior arts using only 20% of the training data.","Ziye Wang, Chaojun Ni, Modi Shi, Jiazhi Yang, Mengdi Li, Zhizhong Su, Tianwei Lin, Hongyang Li",Accept
22,PUeDi96U9W,FALSE,FALSE,Emergent Neural Automaton Policies: Learning Symbolic Structure from Visuomotor Trajectories,"policies often lack the structural priors needed for effective long-term reasoning, traditional neuro-symbolic methods rely heavily on hand-crafted symbolic priors. To address the issue, we introduce ENAP (Emergent Neural Automaton Policy), a framework that allows a bi-level neuro-symbolic policy adaptively emerge from demonstrations. Specifically, we first employ adaptive clustering and an extension of the L* algorithm to infer a Mealy state machine from visuomotor data, which serves as an interpretable high-level planner capturing latent task modes. Then, this discrete structure guides a low-level reactive residual network to learn precise continuous control via behavior cloning. By explicitly modeling the task policy with discrete transitions and continuous residuals, ENAP achieves high sample efficiency and interpretability without requiring task-specific labels. Extensive experiments on complex manipulation and long-horizon tasks demonstrate that ENAP outperforms state-of-the-art end-to-end VLA policies by up to 27% in low-data regimes, while offering a structured representation of robotic intent.","Yiyuan Pan, Xusheng Luo, Hanjiang Hu, Peiqi Yu, Changliu Liu",Accept
23,BxqMIgaUIl,FALSE,FALSE,Learning Versatile Humanoid Manipulation with Touch Dreaming,"Humanoid robots promise general-purpose assistance, yet humanoid loco-manipulation remains challenging because it requires whole-body stability, end-effector dexterity, and contact-aware interaction under frequent contact changes. In this work, we study dexterous, contact-rich humanoid loco-manipulation. We develop a VR-based whole-body humanoid data collection system, stabilized by an RL-based lower-body controller, that integrates dexterous hands and tactile sensing for contact-rich manipulation. We then propose Humanoid Transformer with Touch Dreaming (HTD), a multimodal encoder-decoder Transformer that models touch as a core modality alongside multi-view vision and proprioception. HTD is trained in a single stage with behavioral cloning augmented by touch dreaming: in addition to predicting action chunks, the policy predicts future hand-joint forces and future tactile latents, with tactile-latent targets provided by an exponential moving average target encoder without requiring a separate tactile pretraining stage. This encourages the policy to learn contact-aware representations for dexterous manipulation. Across five real-world contact-rich tasks, HTD achieves a 90.9% relative improvement in average success rate over the stronger baseline. Ablation results show that latent-space tactile prediction is more effective than raw tactile prediction, yielding a 30% relative gain in success rate. These results demonstrate that our touch-dreaming-enhanced learning system enables versatile, high-dexterity humanoid manipulation in the real world. Anonymous page: https://humanoid-dream-touch.github.io/.","Yaru Niu, Zhenlong Fang, Binghong Chen, Shuai Zhou, Revanth Krishna Senthilkumaran, Hao Zhang, Bingqing Chen, Chen Qiu, Eric H. Tseng, Jonathan Francis, Ding Zhao",Accept
24,vHBgykM7eZ,FALSE,FALSE,INGRID: Interactive Geometry and Instance Identification for Occluded Scenes,"While identifying object instances and accurately reconstructing their geometry are fundamental to manipulation, passive visual observation in static scenes is inherently constrained by occlusions, which gives rise to both geometric and semantic ambiguities, particularly in complex multi-object settings. We present INGRID (INteractive GeometRy and instance IDentification), a system in which a robotic manipulator actively interacts with the scene to reveal previously hidden surfaces and disambiguate object instances and geometries. The key challenge lies first in deciding where to interact in order to induce the most informative scene changes. A subsequent challenge is then to efficiently update both the object instances and their geometries once new visual observations become available. To address these challenges, INGRID follows a four-step pipeline: (i) constructing an instance candidate tree, (ii) optimizing informative actions, (iii) identifying instances under rigid-body assumptions, and (iv) selectively finetuning geometry. Together, these steps enable efficient, interaction-driven geometry and instance identification. Our method proves robust and practical in complex multi-object scenes with severe occlusions, both in simulation and in the real world.","Junho Lee, Sang Min Kim, Yonghyeon Lee, Young Min Kim",Accept
25,W7eHvuvmGK,FALSE,FALSE,"Look Twice, Act Once: Condition-Sensitive Test-Time Selection for Robot Action Policies","Diffusion policies have emerged as a promising paradigm for robotic imitation learning; however, their test-time sampling often selects action chunks without explicitly testing whether they are grounded in the current observation. While this produces plausible actions with the learned policy, they are often weakly conditioned on task-relevant scene information. We introduce CROSS, a training-free test-time selector for stochastic robot action-chunk policies. Given a pretrained action-chunk policy, CROSS samples candidate chunks under the true observation, constructs reference chunks by sampling the same policy under corrupted observations, and finally chooses chunks that are typical under true observation while atypical under corrupted reference. This provides a condition-sensitivity criterion that complements density-based and temporal-coherence-based selection. We evaluate CROSS on PushT with pretrained diffusion policy checkpoints along with offline Franka/GELLO action-selection diagnostics. On image-conditioned PushT policies, CROSS improves clean success from 21\% to 36\% compared to vanilla sampling and achieves the highest clean mean max reward among all tested selectors. On keypoint-conditioned PushT policies, CROSS achieves the best aggregate success across clean, action-noise, and action-delay settings. Across five non-PushT Franka/GELLO offline evaluations, CROSS obtains the lowest action-imitation MSE on four while improving real-density-only selection in all five. Our results suggest that condition sensitive reference sampling is a viable lightweight inference-time method for improving diffusion-policy action selection without retraining, demonstrations, or reward access. We provide anonymized code and evaluation logs.",Suraj Marpadga Reddy,Accept
26,2f2WTEuH3B,TRUE,FALSE,Semantic World Models,"Planning with world models offers a powerful paradigm for robotic control. Conventional approaches train a model to predict future frames conditioned on current frames and actions, which can then be used for planning. However, the objective of predicting future pixels is often at odds with the actual planning objective; strong pixel reconstruction does not always correlate with good planning decisions. This paper posits that instead of reconstructing future frames as pixels, world models only need to predict task-relevant semantic information about the future. For such prediction the paper poses world modeling as a visual question answering problem about semantic information in future frames. This perspective allows world modeling to be approached with the same tools underlying vision language models. Thus, vision-language models can be trained as ""semantic"" world models through a supervised finetuning process on image-action-text data, enabling planning for decision-making while inheriting many of the generalization and robustness properties from the pretrained vision-language models. In this paper, we introduce this new method and validate it on simulated robotic tasks leading to improvements over typical paradigms of reconstruction-based action-conditional world modeling.","Jacob Berg, Chuning Zhu, Yanda Bao, Ishan Durugkar, Abhishek Gupta",Accept
27,emePaiT4dY,FALSE,FALSE,IMBench: A Benchmark for Intuitive Robotic Manipulation,"Humans combine reasoning and motor control to solve complex manipulation tasks under diverse constraints. They build an understanding of the physical world that helps them convert reasoning into actions and quickly adapt to new scenes, tasks, and rules. We refer to
 this capability as intuitive manipulation. Existing benchmarks fail to capture this integration: they evaluate physical reasoning in isolation from execution, or measure policy performance without requiring explicit reasoning. We introduce IMBench, a benchmark designed to evaluate intuitive manipulation as an integrated capability spanning perception, physical reasoning, action generation, and iterative execution. Our tasks require models to infer task-relevant physical structure and generate feasible action sequences under explicit constraints, including contact-rich manipulation, tool use, and multi-stage dependencies. We introduce a benchmark of 35 tasks, 14K filtered trajectories, and scalable tools for generating diverse scenarios. Experiments reveal a consistent gap: vision-language models show partial physical reasoning ability but fail to produce executable plans, while state-of-the-art vision-language-action models struggle to satisfy task constraints and generalize across scenarios. These results identify intuitive manipulation as a missing axis in current foundation models and generalist robot policies, and position IMBench as a step toward evaluating and enabling more integrated, adaptive physical intelligence.","Anurag Maurya, Sukhvansh Jain, Prajwal Avhad, Gautham Balachandran, Ziyi Zhou, Atharva Kshirsagar, SATYAM SINGH, Bowen Li, Rishabh Mukund, Ritul Singh, Jatin Vira, Suvonil Chatterjee, Devesh K. Jha",Accept
29,ls1KjdmLKf,FALSE,FALSE,Endo-DyLat++: Semantic Readiness Monitoring for Endoscopic Vision-Language-Action Robots,"Semantic robot policies require more than action prediction: they also need to know when the current perceptual state is reliable enough for continued operation. This is critical in endoscopic robotics, where a visually plausible frame may precede target loss, occlusion, or unsafe loss of tracking. We present Endo-DyLat++, a lightweight monitoring scaffold that encourages a split between slowly varying anatomical/camera context and dynamic visual-risk evidence, predicts weak-proxy near-future target loss, degradation, and occlusion, and uses the resulting latents to estimate pre-action visual-state readiness. The method trains a static latent, a dynamic latent, future-risk heads, and a readiness verifier from weak mask-derived supervision. In a real-image pseudo-video benchmark built from Kvasir-SEG, a risk-first Endo-DyLat++ configuration is comparable to a strong frozen-DINOv2 single-latent baseline within seed variance, reduces variance on several aggregate metrics, and exposes a clear safety/coverage tradeoff. These results should not be interpreted as clinical validation or evidence of a deployed surgical robotic system; rather, they provide a compact testbed for converting endoscopic visual risk into an auditable pre-action readiness signal.","xiyue xiao, CHI KIT NG, Liu Xinxin, Hongliang Ren",Accept
30,epAYjMbKiq,FALSE,FALSE,Before the Needle: Semantic Action Contracts for Risk-Aware Robot Intervention,"Robots should not execute irreversible skills merely because a detector is confident. They need an explicit semantic contract that says when perception is sufficient, when another sensing action is useful, and when autonomy must defer. We study this problem through ultrasound-guided needle intervention, where probe motions are reversible information actions but needle insertion can cause harm. We introduce a robot action contract for semantic risk-affordance reasoning. The contract grounds candidate interventions as SAFE, CAUTION, CRITICAL, or UNKNOWN, partitions behavior into sense, act, and defer modes, and uses a policy-induced statistical monitor before irreversible control authority is released. In a feature-level CVC-POMDP, active sensing alone improves coverage but increases
 unsafe actions, while active sensing plus conformal deferral reduces false-safe interventions from 17.0% to 9.4% relative to passive thresholding. We further add a rendered ultrasound-like perception benchmark. A global image-risk classifier collapses into complete deferral or unsafe low-threshold action, whereas a spatial risk-affordance map reaches 0.784±0.016 mean IoU over five seeds and a Hoeffding-calibrated action contract achieves 71.1 ±1.7% act rate, 68.2 ±1.4% success, and 2.85 ±0.39% false-safe rate on held-out natural episodes. Under close-anatomy shift, the same contract defers on 97.8 ±0.7% of episodes. The message is that semantics should be executable: before a robot commits to an irreversible skill, perception must satisfy an action contract, not just a confidence threshold.","Mujtaba Hasan, Ankur Narang",Accept
31,bJYIsaF2Rl,FALSE,FALSE,Masked IRL: LLM-Guided Reward Disambiguation from Demonstrations and Language,"Robots can adapt to user preferences by learning reward functions from demonstrations, but with limited data, reward models often overfit to spurious correlations and fail to generalize. This happens because demonstrations show robots how to do a task but not what matters for that task, causing the model to focus on irrelevant state details. Natural language can more directly specify what the robot should focus on, and, in principle, disambiguate between many reward functions consistent with the demonstrations. However, existing language-conditioned reward learning methods typically treat instructions as simple conditioning signals, without fully exploiting their potential to resolve ambiguity. Moreover, real instructions are often ambiguous themselves, so naive conditioning is unreliable. Our key insight is that these two input types carry complementary information: demonstrations show how to act, while language specifies what is important. We propose Masked Inverse Reinforcement Learning (Masked IRL), a framework that uses large language models (LLMs) to combine the strengths of both input types. Masked IRL infers state-relevance masks from language instructions and enforces invariance to irrelevant state components. When instructions are ambiguous, it uses LLM reasoning to clarify them in the context of the demonstrations. In simulation and on a real robot, Masked IRL outperforms prior language-conditioned IRL methods by up to 15% while using up to 4.7 times less data, demonstrating improved sample-efficiency, generalization, and robustness to ambiguous language.","Minyoung Hwang, Alexandra Forsey-Smerek, Nathaniel S. Dennler, Andreea Bobu",Accept
32,N6fOr0sQpr,FALSE,FALSE,MolmoSpaces-CommonSense: Evaluating Commonsense in Robotic Manipulation Policies,"Real-world robotic manipulation requires reasoning about cluttered scenes, partially observable or hidden objects, and semantically appropriate actions. However, existing simulation benchmarks remain dominated by comparatively clean environments with limited clutter and narrowly scoped task structure, leaving many forms of commonsense reasoning untested. We address this by introducing a taxonomy of reasoning processes for robotic manipulation grounded in developmental cognitive science. We operationalize this taxonomy through a new benchmark of robot tasks, MolmoSpaces-CommonSense, that requires reasoning about occlusion, containment, support relations, semantically correct grasp points, spatial affordances, and hidden objects. These evaluations require policies not only to recognize relevant scene structure but also to execute correct actions in them. We evaluate several zero-shot generalist manipulation policies. Across model types and architectures, we observe consistent failures in commonsense reasoning: success rates in cluttered scenes drop by over 50% as distractors increase, policies act on incorrect objects in cluttered settings 30% of the time, and affordance-sensitive grasping remains unreliable even with highly specific language prompts, with correct object part selection happening only about 50% of the time. Further, VLM-based success estimation struggles to reliably evaluate rollouts in these settings, suggesting that the challenge extends beyond control to the broader perception-reasoning-action stack. Our results suggest that existing benchmarks may substantially overestimate zero-shot real-world readiness.","Arjun Guru, Max Argus, Jae Sung Park, Jiafei Duan, Ali Farhadi, Ranjay Krishna",Accept
33,VrqeRpw8d4,FALSE,FALSE,Visual-Geometric Policy Steering from Incontext Aligned Abstractions,"Robust generalization in robotics remains a major challenge. Adapting to out-of-distribution (OOD) settings with limited real-world data has been a key bottleneck to achieving truly generalist robots.
 The multimodality and low availability of robotics data aggravate this challenge, leading end-to-end approaches to overfit to certain behaviors, learn spurious correlations, and break under small distribution shifts. Policy steering approaches aim to alleviate these problems by adapting existing policies with informative correction signals. However, most works in this field ground their correction with a signal learned implicitly from robotic datasets, making them susceptible to the same distribution shifts as the policies they aim to correct. A few recent approaches leverage explicit spatial information in combination with Large Vision Models (LVMs) to guide the policy steering process. Nevertheless, these works are often limited to coarse corrections, missing the nuanced, task-relevant motion that most manipulation tasks require.
 In this work, we correct existing policies by transferring the nuanced motion of successful in-distribution rollouts, captured along meaningful geometric axes (object-relational distance pairs). We propose a framework that efficiently leverages these rollouts to provide a tailored visual-geometric guidance in OOD settings.
 Our approach combines the semantic understanding of LVMs and the reasoning of VLMs, which select the task-relevant entity pairs and distance projections, to improve the generalization in a variety of distribution-shift scenarios. We extensively evaluate our approach in simulation, showcasing the efficient correction of flow-matching policies under distribution shifts in pose and task goal.","Arthur Bucker, Jonathan Francis, Jean Oh",Accept
34,oQDHJcB7ep,FALSE,FALSE,TFP: Temporally Conditioned Memory-Fusion Policies for Visuomotor Learning,"Vision--Language--Action (VLA) policies such as $\pi_{0.5}$ and OpenVLA perform well on many manipulation tasks, but they are often reactive: the next action is predicted from the current observation, instruction, and proprioceptive state. This assumption breaks down in stage-dependent manipulation, where visually similar states may require different actions depending on latent task progress and previous interaction outcomes. We argue that such tasks require not only memory, but dynamics-aware belief updates: the policy should preserve task progress during stable or occluded phases and revise its belief near contact, release, or subgoal transitions. We introduce Temporally Conditioned Memory-Fusion Policies (TFP), a lightweight memory-action framework for VLA backbones. TFP maintains an episode-local task-progress belief with Liquid Time-Constant dynamics and injects the updated belief directly into the flow-matching action decoder through adaptive modulation. This lets temporally accumulated context shape the generated action chunk, rather than serving only as passive history context. With a 3.3B-parameter model, TFP improves the average success rate from \(96.9\%\) to \(98.75\%\) on LIBERO and from \(91.4\%\) to \(93.77\%\) on LIBERO-plus. On the memory-focused MIKASA ShellGameTouch diagnostic, TFP achieves success up to \(75.0\%\). Mechanistic analyses show that write-gain changes near manipulation events are about \(6\times\) larger than far non-event phases, and hidden-state interventions show that the belief causally modulates generated action chunks. These results suggest that compact, event-sensitive memory dynamics can improve VLA policies under occlusion, visual perturbation, and stage-dependent task structure.","Yushen Liang, Yue Peng, Baosheng Jin, Tianluo Zhang, Xinyu Zhang, Zhuoran Chen, Zhou Shuyi, Xinqi Liu, Shenji Wan",Accept
35,Va8jzOlGQT,FALSE,FALSE,Diagnosing Semantic Handoff Failures in Agent-Orchestrated Vision-Language-Action Skill Composition,"Long-horizon household tasks require robots to compose many language-conditioned skills, but the boundary between two skills is rarely explicit. A skill may satisfy its own postcondition while leaving the robot, objects, or camera views in a state from which the next skill cannot start. We study this \emph{semantic handoff} problem in BEHAVIOR-1K through an agent-orchestrated vision-language-action execution harness. The harness calls \(\pi_{0.5}\)-based skill checkpoints trained from cleaned BEHAVIOR-1K demonstrations, assigns each skill typed arguments and a step budget, and uses multi-view VLM verification to decide whether execution should advance, retry, or replan. To separate isolated skill competence from long-horizon composition, we compare the same checkpoints from clean skill-boundary snapshots and from chained terminal states produced by previous skills. Selected navigation, grasping, placement, and door-opening skills reach 77--100\% success from snapshots under human-reviewed verification, yet composed rollouts still stall from chained states. The resulting traces attribute failures to next-skill readiness, target grounding, and control execution, turning near-zero task success into actionable diagnostics for what VLA skill libraries must learn next: robustness to the messy chained-state distribution that clean demonstrations underrepresent.","Ke Rui, Yushen Zuo, Jiawei Wang, Haoran Jia, Jinming Ma, Weitao Zhou, Minglei Li",Accept
36,TiRAWVU9kg,FALSE,FALSE,Can Vision-Language Models See the Future for Robots? Coverage-Aware Human Motion Forecasting with Semantic Intent Residuals,"Robots that navigate around people need forecasts that are not only plausible, but valid, metric, and available at every control cycle. Vision-language models (VLMs) appear attractive as general semantic reasoning modules for such robots: they can describe motion, infer intent, and reason about scenes without task-specific training. We ask whether this semantic competence transfers to a robot-relevant structured prediction problem: given 8 observed pedestrian positions, can an off-the-shelf VLM output the next 12 metric positions in a form that a robot planner could consume? We evaluate GPT-4o, GPT-4o-mini, Gemini 2.5 Flash, and LLaVA-1.5-7B on ETH/UCY under text and rendered bird’s-eye-view inputs, multiple prompting strategies, and strict trajectory parsing. The central finding is that robot forecasting with VLMs is a coverage-aware problem. Under full-coverage zero-shot text evaluation, GPT-4o-mini obtains ADE 0.548 and GPT-4o obtains 0.561, statistically indistinguishable from constant velocity at 0.554. Gemini appears much stronger on parsed outputs (ADE 0.127), but parses only 33/250 samples; constant velocity obtains ADE 0.125 on the same subset, while the failed samples are nearly 5× harder. We formalize this as coverage-conditioned selection bias and argue that structured VLM modules for robots must be evaluated with coverage, matched-sample baselines, and fallback-aware risk. As a robot-centered semantic diagnostic, we introduce Reliability-Gated Intent-Guided Residual Forecasting (RIGF): a safe base forecast is always available, and semantic intent can modify it only through validation-gated residual experts. RIGF-Oracle improves ADE by 9.2% overall and 13.3% on high-nonlinearity trajectories, showing that correct intent is useful; however, GPT-4o-mini intent labels are 100% parseable but poorly calibrated (31.6% proxy intent accuracy), so direct VLM intent degrades forecasting. The resulting message for semantic robotics is constructive: current VLMs are unreliable as direct metric forecasters, but coverage-aware evaluation and gated semantic residuals provide a principled path for using VLMs as semantic sensors inside robot prediction stacks.",Mujtaba Hasan,Accept
37,TUvPBRVRR5,FALSE,FALSE,Spending Semantics Wisely: Inference Delegation in Heterogeneous Multi-Robot Teams via Monte Carlo Tree Search Guided Dialogue,"Effective robot operation in complex environments demands not just the ability to perform semantic inference, but the capacity to reason about where such inference is worth spending. While selective inference strategies have shown promise for single-robot systems, extending this principle to heterogeneous multi-robot teams introduces a fundamentally different challenge. Given agents that differ in onboard compute capacity, the team must collectively reason about which robot should perform deep semantic inference, on which observations, and in what order. We reframe this as a team-level semantic delegation problem and propose a Monte Carlo Tree Search (MCTS) guided actor-critic dialogue framework in which robots jointly deliberate over semantic scene graph observations to produce compute-aware delegation plans. A deterministic scoring function provides structured feedback at each dialogue step, grounding language model reasoning in task constraints. Evaluated on a collaborative object retrieval task, our framework consistently outperforms single-round planning in both constraint satisfaction and objects retrieved, across simulation and real-world experiments, demonstrating that structured multi-agent dialogue enhances semantically-grounded resource allocation in heterogeneous robot teams.","A Manicka Praveen, Yi Loo, Marcel Bartholomeus Prasetyo, Malika Meghjani",Accept
38,sKQOdPMP4K,FALSE,FALSE,Scene Graphs as Relational State Abstractions for Belief-Space Planning in Semi-Static Environments,"Robots searching for objects in human environments must operate under partial observability while adapting to semi-static environmental changes introduced by human activity over extended operation. Existing object-search POMDP formulations provide principled planning under uncertainty, but typically assume static environments and metric state representations. We propose a Scene Graph (SG)-based POMDP formulation for object search in semi-static environments, representing uncertainty directly over relational object states and modelling semi-static environmental dynamics through stochastic relational transitions. To instantiate this formulation, we integrate the long-horizon online planner with an SG-adapted belief update mechanism, forming a belief-space planning framework operating directly over relational scene representations. Simulations comparing to a conventional metric-based formulation demonstrate improved planning efficiency under identical planning conditions, providing empirical validation of the proposed framework and supporting the use of Scene Graphs as an effective structured state abstraction for object search under uncertainty in evolving environments.","Phan Tuan Kiet Le, Kavindie Katuwandeniya, Hanna Kurniawati, Dana Kulic",Accept
39,3ZnLUOXsV7,FALSE,FALSE,Communicating Cooperative Affordances: A Shared Physical-Effect Space for Semantic Goal Understanding in Cooperative Manipulation,"When one robot arm holds a part while
 another acts on it, the support arm must understand
 what its partner is trying to do — not merely where
 the contacts are. We present CoCoA, an ongoing ef-
 fort to make the goal of a manipulation primitive an
 explicit, grounded, and reusable semantic represen-
 tation for cooperative affordance prediction. A short
 natural-language prompt from the acting arm (e.g.
 “stabilize the desktop while I unscrew the leg”) is the
 only channel between the arms: there is no kinematic
 coupling. CoCoA turns this prompt into a structured,
 neuro-symbolic description of the intended physical
 effect through heads that predict operation, motion,
 axis, and expected failure mode, and then grounds
 that description in a shared physical-effect space where
 the language intent, a memory of past interaction
 attempts, and a latent prediction of the object’s mo-
 tion are aligned by task and by physical consequence.
 This shared space lets language retrieve goal-relevant
 experience, lets experience ground language, and lets
 unseen instructions transfer by proximity. We further
 add metacognitive corrective-prompt refinement after
 observed failures and a language–outcome reward that
 keeps the semantic representation tied to physics. We
 describe the representation, the three-phase training
 that builds it, and an evaluation protocol probing goal
 disambiguation, semantic memory retrieval, and zero-
 shot transfer. This is a work-in-progress report; we
 present the representation and training design and
 report diagnostic behavior of the shared space rather
 than final task-success numbers.","Josse Van de Kerckhove, Victor Tuytte, Pieter Van Molle, Bart Dhoedt, Pieter Simoens",Accept
